id;start_date;end_date;language
1;2026-02-24T12:04:53;2026-02-24T14:49:44;FRENCH
2;2026-02-24T00:43:57;2026-02-24T02:33:25;SPANISH
3;2026-02-24T18:29:59;2026-02-24T06:07:47;ENGLISH
4;2026-02-23T21:19:18;2026-02-24T08:57:10;FRENCH
5;2026-02-24T04:36:29;2026-02-24T05:05:51;FRENCH
6;2026-02-24T15:22:36;2026-02-24T04:55:24;FRENCH
7;2026-02-24T13:45:15;2026-02-24T01:30:12;SPANISH
8;2026-02-23T23:46:47;2026-02-24T16:20:25;SPANISH
9;2026-02-24T05:19:52;2026-02-24T15:16:05;FRENCH
10;2026-02-24T18:53:04;2026-02-23T23:54:41;ENGLISH
